Date,Location,EnergyConsumed_kWh,Space Heating,Water Heating,Lighting and Electrical Appliances,Cooking,Space Cooling,Other End Uses
2023-01-01,"Residential Building, Nicosia",17.49080237694725,11.106659509361505,2.60612955416514,2.431221530395668,1.1019205497476767,0.1049448142616835,0.15741722139252529
2023-01-02,"Residential Building, Nicosia",29.01428612819832,18.424071691405935,4.3231286331015495,4.032985771819567,1.8279000260764944,0.17408571676918994,0.2611285751537849
2023-01-03,"Residential Building, Nicosia",24.6398788362281,15.646323061004843,3.6713419465979866,3.424943158235706,1.5523123666823704,0.1478392730173686,0.22175890952605293
2023-01-04,"Residential Building, Nicosia",21.97316968394073,13.952962749302364,3.274002282907168,3.0542705860677617,1.3843096900882659,0.13183901810364437,0.19775852715546657
2023-01-05,"Residential Building, Nicosia",13.12037280884873,8.331436733618943,1.9549355485184607,1.8237318204299737,0.82658348695747,0.07872223685309238,0.11808335527963858
2023-01-06,"Residential Building, Nicosia",13.119890406724052,8.331130408269773,1.9548636706018836,1.8236647665346433,0.8265530956236152,0.07871934244034431,0.11807901366051647
2023-01-07,"Residential Building, Nicosia",11.16167224336399,7.087661874536134,1.6630891642612344,1.5514724418275947,0.7031853513319314,0.06697003346018394,0.10045505019027592
2023-01-08,"Residential Building, Nicosia",27.323522915498703,17.350437051341675,4.071204914409306,3.79796968525432,1.7213819436764184,0.16394113749299222,0.24591170623948835
2023-01-09,"Residential Building, Nicosia",22.022300234864176,13.984160649138751,3.2813227349947622,3.0610997326461207,1.3874049147964431,0.13213380140918507,0.1982007021137776
2023-01-10,"Residential Building, Nicosia",24.16145155592091,15.342521738009777,3.6000562818322153,3.358441766273007,1.5221714480230173,0.14496870933552547,0.2174530640032882
2023-01-11,"Residential Building, Nicosia",10.411689885916047,6.61142307755669,1.551341793001491,1.4472248941423307,0.655936462812711,0.06247013931549628,0.09370520897324444
2023-01-12,"Residential Building, Nicosia",29.39819704323989,18.66785512245733,4.380331359442743,4.086349389010345,1.852086413724113,0.17638918225943934,0.26458377338915906
2023-01-13,"Residential Building, Nicosia",26.64885281600844,16.92202153816536,3.970679069585257,3.7041905414251732,1.6788777274085316,0.15989311689605065,0.239839675344076
2023-01-14,"Residential Building, Nicosia",14.246782213565524,9.046706705614108,2.122770549821263,1.980302727685608,0.897547279454628,0.08548069328139314,0.12822103992208972
2023-01-15,"Residential Building, Nicosia",13.636499344142011,8.659177083530178,2.0318384022771596,1.8954734088357397,0.8590994586809467,0.08181899606485207,0.12272849409727812
2023-01-16,"Residential Building, Nicosia",13.668090197068675,8.67923727513861,2.0365454393632327,1.899864537392546,0.8610896824153266,0.08200854118241205,0.1230128117736181
2023-01-17,"Residential Building, Nicosia",16.084844859190753,10.213876485586129,2.396641884019422,2.2357934354275146,1.0133452261290175,0.09650906915514451,0.1447636037327168
2023-01-18,"Residential Building, Nicosia",20.49512863264476,13.014406681729424,3.0537741662640694,2.848822879937622,1.29119310385662,0.12297077179586857,0.18445615769380286
2023-01-19,"Residential Building, Nicosia",18.638900372842315,11.83570173675487,2.7771961555535047,2.590807151825082,1.1742507234890658,0.11183340223705389,0.16775010335558085
2023-01-20,"Residential Building, Nicosia",15.82458280396084,10.048610080515134,2.357862837790165,2.199617009750557,0.996948716649533,0.09494749682376505,0.1424212452356476
2023-01-21,"Residential Building, Nicosia",22.237057894447588,14.120531762974219,3.3133216262726903,3.090951047328215,1.400934647350198,0.13342234736668554,0.20013352105002832
2023-01-22,"Residential Building, Nicosia",12.789877213040835,8.12157203028093,1.9056917047430844,1.7777929326126762,0.8057622644215726,0.07673926327824501,0.11510889491736753
2023-01-23,"Residential Building, Nicosia",15.842892970704362,10.06023703639727,2.36059105263495,2.2021621229279065,0.9981022571543748,0.09505735782422617,0.14258603673633927
2023-01-24,"Residential Building, Nicosia",17.327236865873836,11.002795409829886,2.581758293015201,2.4084859243564636,1.0916159225500517,0.10396342119524302,0.15594513179286454
2023-01-25,"Residential Building, Nicosia",19.12139968434072,12.142088799556356,2.849088552966767,2.6578745561233603,1.2046481801134654,0.11472839810604432,0.1720925971590665
2023-01-26,"Residential Building, Nicosia",25.703519227860276,16.321734709691277,3.829824364951181,3.5727891726725787,1.6193217113551974,0.15422111536716165,0.2313316730507425
2023-01-27,"Residential Building, Nicosia",13.993475643167194,8.885857033411169,2.0850278708319117,1.9450931144002401,0.8815889655195333,0.08396085385900316,0.12594128078850475
2023-01-28,"Residential Building, Nicosia",20.284688768272236,12.88077736785287,3.022418626472563,2.819571738789841,1.277935392401151,0.12170813260963342,0.18256219891445014
2023-01-29,"Residential Building, Nicosia",21.848291377240848,13.873665024547938,3.2553954152088864,3.036912501436478,1.3764423567661734,0.13108974826344508,0.19663462239516766
2023-01-30,"Residential Building, Nicosia",10.929008254399957,6.939920241543972,1.6284222299055935,1.5191321473615942,0.6885275200271973,0.06557404952639974,0.09836107428959963
2023-01-31,"Residential Building, Nicosia",22.150897038028766,14.065819619148266,3.3004836586662862,3.078974688285999,1.3955065133958122,0.1329053822281726,0.1993580733422589
2023-02-01,"Residential Building, Nicosia",13.41048247374583,8.515656370828601,1.9981618885881287,1.8640570638506706,0.8448603958459873,0.08046289484247499,0.12069434226371248
2023-02-02,"Residential Building, Nicosia",11.30103185970559,7.17615523091305,1.6838537470961328,1.570843428499077,0.7119650071614522,0.06780619115823354,0.10170928673735033
2023-02-03,"Residential Building, Nicosia",28.977710745066663,18.40084632311733,4.317678901014933,4.027901793564267,1.8255957769391997,0.1738662644704,0.2607993967056
2023-02-04,"Residential Building, Nicosia",29.312640661491187,18.613526820046904,4.367583458562187,4.074457051947276,1.846696361673945,0.17587584396894712,0.2638137659534207
2023-02-05,"Residential Building, Nicosia",26.16794696232922,16.616646321079056,3.899024097387054,3.637344627763762,1.6485806586267409,0.15700768177397534,0.235511522660963
2023-02-06,"Residential Building, Nicosia",16.092275383467413,10.218594868501807,2.3977490321366446,2.2368262783019706,1.0138133491584471,0.09655365230080448,0.14483047845120672
2023-02-07,"Residential Building, Nicosia",11.953442280127678,7.590435847881076,1.781062899739024,1.6615284769377474,0.7530668636480438,0.07172065368076608,0.10758098052114912
2023-02-08,"Residential Building, Nicosia",23.684660530243136,15.039759436704392,3.529014419006227,3.292167813703796,1.4921336134053176,0.14210796318145882,0.21316194477218825
2023-02-09,"Residential Building, Nicosia",18.803049874792027,11.939936670492937,2.8016544313440117,2.613623932596092,1.1845921421118977,0.11281829924875217,0.16922744887312827
2023-02-10,"Residential Building, Nicosia",12.440764696895576,7.89988558252869,1.8536739398374407,1.7292662928684852,0.7837681759044213,0.07464458818137346,0.1119668822720602
2023-02-11,"Residential Building, Nicosia",19.903538202225405,12.638746758413133,2.9656271921315853,2.7665918101093316,1.2539229067402005,0.11942122921335244,0.17913184382002867
2023-02-12,"Residential Building, Nicosia",10.687770422304368,6.786734218163274,1.5924777929233507,1.4856000887003074,0.6733295366051751,0.06412662253382621,0.09618993380073933
2023-02-13,"Residential Building, Nicosia",28.186408041575643,17.898369106400533,4.19977479819477,3.917910717779015,1.7757437066192654,0.16911844824945385,0.2536776723741808
2023-02-14,"Residential Building, Nicosia",15.175599632000338,9.636505766320216,2.26116434516805,2.109408348848047,0.9560627768160214,0.09105359779200203,0.13658039668800306
2023-02-15,"Residential Building, Nicosia",23.25044568707964,14.764033011295572,3.4643164073748665,3.23181195050407,1.4647780782860174,0.13950267412247785,0.20925401118371678
2023-02-16,"Residential Building, Nicosia",16.23422152178822,10.30873066633552,2.418899006746445,2.256556791528563,1.022755955872658,0.09740532913072933,0.146107993696094
2023-02-17,"Residential Building, Nicosia",20.401360423556216,12.954863868958197,3.039802703109876,2.835789098874314,1.2852857066840417,0.1224081625413373,0.18361224381200597
2023-02-18,"Residential Building, Nicosia",20.934205586865595,13.293220547659653,3.1191966324429736,2.909854576574318,1.3188549519725326,0.12560523352119357,0.18840785028179038
2023-02-19,"Residential Building, Nicosia",13.69708911051054,8.697651585174192,2.0408662774660704,1.9038953863609651,0.862916613962164,0.08218253466306324,0.12327380199459487
2023-02-20,"Residential Building, Nicosia",29.39169255529117,18.663724772609893,4.379362190738384,4.085445265185473,1.8516766309833437,0.17635015533174703,0.26452523299762054
2023-02-21,"Residential Building, Nicosia",25.50265646722229,16.194186856686155,3.7998958136161214,3.5448692489438987,1.6066673574350043,0.15301593880333375,0.22952390820500065
2023-02-22,"Residential Building, Nicosia",28.789978831283783,18.281636557865202,4.289706845861283,4.001807057548446,1.8137686663708783,0.17273987298770271,0.2591098094815541
2023-02-23,"Residential Building, Nicosia",27.89654700855297,17.714307350431138,4.156585504274393,3.8776200341888636,1.7574824615388371,0.16737928205131783,0.25106892307697676
2023-02-24,"Residential Building, Nicosia",21.957999576221702,13.943329730900782,3.2717419368570333,3.052161941094817,1.3833539733019673,0.1317479974573302,0.19762199618599535
2023-02-25,"Residential Building, Nicosia",28.43748470046233,18.05780278479358,4.237185220368887,3.9528103733642643,1.7915615361291268,0.17062490820277398,0.25593736230416103
2023-02-26,"Residential Building, Nicosia",11.76985004103839,7.473854776059378,1.75370765611472,1.6360091557043364,0.7415005525854186,0.07061910024623035,0.10592865036934553
2023-02-27,"Residential Building, Nicosia",13.919657248382904,8.838982352723145,2.0740289300090526,1.934832357525224,0.876938406648123,0.08351794349029742,0.12527691523544615
2023-02-28,"Residential Building, Nicosia",10.90454577821076,6.924386569163833,1.6247773209534033,1.515731863171296,0.686986384027278,0.06542727466926457,0.09814091200389685
2023-03-01,"Residential Building, Nicosia",16.506606615265287,10.481695200693457,2.4594843856745277,2.294418319521875,1.039916216761713,0.09903963969159173,0.1485594595373876
2023-03-02,"Residential Building, Nicosia",17.77354579378964,11.286201579056423,2.648258323274656,2.4705228653367604,1.1197333850087474,0.10664127476273784,0.1599619121441068
2023-03-03,"Residential Building, Nicosia",15.426980635477918,9.796132703528478,2.2986201146862095,2.144350308331431,0.9718997800351088,0.09256188381286751,0.1388428257193013
2023-03-04,"Residential Building, Nicosia",26.57475018303859,16.874966366229504,3.9596377772727496,3.693890275442364,1.674209261531431,0.15944850109823153,0.23917275164734733
2023-03-05,"Residential Building, Nicosia",17.135066533871786,10.880767249008585,2.553124913546896,2.3817742482081785,1.0795091916339226,0.10281039920323072,0.1542155988048461
2023-03-06,"Residential Building, Nicosia",15.618690193747614,9.917868273029736,2.3271848388683942,2.1709979369309185,0.9839774822060997,0.09371214116248569,0.14056821174372855
2023-03-07,"Residential Building, Nicosia",20.853921663164968,13.242240256109755,3.10723432781158,2.8986951111799306,1.313797064779393,0.12512352997898982,0.18768529496848474
2023-03-08,"Residential Building, Nicosia",12.818484499495252,8.139737657179484,1.9099541904247925,1.7817693454298402,0.8075645234682008,0.07691090699697152,0.11536636049545729
2023-03-09,"Residential Building, Nicosia",26.043939615080795,16.537901655576306,3.880547002647038,3.620107606496231,1.6407681957500901,0.15626363769048476,0.2343954565357272
2023-03-10,"Residential Building, Nicosia",11.491012873595416,7.296793174733089,1.712160918165717,1.597250789429763,0.7239338110365112,0.06894607724157249,0.10341911586235876
2023-03-11,"Residential Building, Nicosia",29.737738732010342,18.883464094826568,4.43092307106954,4.133545683749438,1.8734775401166517,0.17842643239206205,0.26763964858809314
2023-03-12,"Residential Building, Nicosia",25.444895385933147,16.15750857006755,3.791289412504039,3.5368404586447078,1.6030284093137883,0.15266937231559888,0.22900405847339836
2023-03-13,"Residential Building, Nicosia",13.974313630683447,8.873689155483989,2.0821727309718336,1.9424295946649994,0.8803817587330571,0.08384588178410068,0.12576882267615103
2023-03-14,"Residential Building, Nicosia",10.110442342472048,6.4201308874697505,1.5064559090283351,1.405351485603615,0.636957867575739,0.06066265405483229,0.09099398108224845
2023-03-15,"Residential Building, Nicosia",26.30922856909668,16.70636014137639,3.920075056795405,3.6569827711044387,1.6574813998530908,0.1578553714145801,0.23678305712187014
2023-03-16,"Residential Building, Nicosia",24.137146876952343,15.327088266864738,3.596434884665899,3.355063415896376,1.5206402532479977,0.14482288126171405,0.2172343218925711
2023-03-17,"Residential Building, Nicosia",24.580143360819747,15.60839103412054,3.662441360762142,3.416639927153945,1.5485490317316442,0.1474808601649185,0.22122129024737774
2023-03-18,"Residential Building, Nicosia",25.425406933718914,16.14513340291151,3.788385633124118,3.5341315637869295,1.6018006368242916,0.1525524416023135,0.22882866240347025
2023-03-19,"Residential Building, Nicosia",11.480893034681808,7.290367077022948,1.7106530621675893,1.5958441318207714,0.7232962611849539,0.06888535820809084,0.10332803731213629
2023-03-20,"Residential Building, Nicosia",17.169314570885454,10.902514752512264,2.5582278710619324,2.386534725353078,1.0816668179657836,0.10301588742531273,0.1545238311379691
2023-03-21,"Residential Building, Nicosia",12.317381190502594,7.821537055969148,1.8352897973848865,1.7121159854798607,0.7759950150016635,0.07390428714301557,0.11085643071452336
2023-03-22,"Residential Building, Nicosia",27.26206851751187,17.31141350862004,4.0620482091092684,3.7894275239341506,1.717510316603248,0.16357241110507123,0.24535861665760686
2023-03-23,"Residential Building, Nicosia",22.46596253655116,14.265886210709986,3.347428417946123,3.1227687925806116,1.4153556398027232,0.13479577521930697,0.20219366282896045
2023-03-24,"Residential Building, Nicosia",16.617960497052984,10.552404915628644,2.4760761140608945,2.309896509090365,1.046931511314338,0.0997077629823179,0.14956164447347686
2023-03-25,"Residential Building, Nicosia",11.271167005720471,7.157191048632499,1.6794038838523502,1.5666922137951456,0.7100835213603897,0.06762700203432283,0.10144050305148425
2023-03-26,"Residential Building, Nicosia",16.219646434313244,10.29947548578891,2.4167273187126734,2.2545308543695413,1.0218377253617343,0.09731787860587947,0.14597681790881922
2023-03-27,"Residential Building, Nicosia",16.503666440534943,10.479828189739688,2.4590462996397062,2.294009635234357,1.0397309857537014,0.09902199864320965,0.1485329979648145
2023-03-28,"Residential Building, Nicosia",24.59212356676128,15.615998464893414,3.6642264114474306,3.4183051757798184,1.5493037847059608,0.14755274140056768,0.22132911210085154
2023-03-29,"Residential Building, Nicosia",22.751149427104263,14.446979886211206,3.389921264638535,3.1624097703674927,1.4333224139075686,0.13650689656262557,0.2047603448439384
2023-03-30,"Residential Building, Nicosia",27.74425485152653,17.617601830719348,4.133893972877453,3.856451424362188,1.7478880556461716,0.16646552910915918,0.2496982936637388
2023-03-31,"Residential Building, Nicosia",19.444298503238983,12.347129549556755,2.8972004769826083,2.702757491950219,1.224990805704056,0.1166657910194339,0.17499868652915088
2023-04-01,"Residential Building, Nicosia",12.391884918766037,7.8688469234164335,1.8463908528961395,1.7224720037084793,0.7806887498822603,0.07435130951259622,0.11152696426889434
2023-04-02,"Residential Building, Nicosia",24.2648957444599,15.408208797732037,3.615469465924525,3.372820508479926,1.5286884319009737,0.1455893744667594,0.21838406170013913
2023-04-03,"Residential Building, Nicosia",25.21570097233795,16.011970117434597,3.757139444878354,3.504982435154975,1.5885891612572909,0.1512942058340277,0.22694130875104157
2023-04-04,"Residential Building, Nicosia",21.225543951389923,13.478220409132602,3.1626060487570986,2.9503506092431997,1.3372092689375652,0.12735326370833955,0.19102989556250932
2023-04-05,"Residential Building, Nicosia",25.41934359909122,16.141283185422925,3.787482196264592,3.5332887602736798,1.601418646742747,0.15251606159454734,0.228774092391821
2023-04-06,"Residential Building, Nicosia",19.875911927287817,12.621204073827764,2.9615108771658845,2.7627517578930068,1.2521824514191324,0.1192554715637269,0.17888320734559038
2023-04-07,"Residential Building, Nicosia",20.45465658763988,12.988706933151326,3.0477438315583423,2.843197265681944,1.2886433650213125,0.1227279395258393,0.18409190928875896
2023-04-08,"Residential Building, Nicosia",18.550820367170992,11.77977093315358,2.7640722347084776,2.5785640310367683,1.1687016831317725,0.11130492220302596,0.16695738330453894
2023-04-09,"Residential Building, Nicosia",10.508382534881903,6.672822909650009,1.5657489976974035,1.4606651723485846,0.6620280996975599,0.06305029520929142,0.09457544281393714
2023-04-10,"Residential Building, Nicosia",12.157828539866088,7.720221122814966,1.811516452440047,1.6899381670413864,0.7659431980115635,0.07294697123919654,0.10942045685879481
2023-04-11,"Residential Building, Nicosia",10.628583713734685,6.749150658221525,1.5836589733464679,1.4773731362091214,0.6696007739652852,0.0637715022824081,0.09565725342361217
2023-04-12,"Residential Building, Nicosia",22.72820822527561,14.432412223050012,3.3865030255660655,3.15922094331331,1.4318771181923633,0.13636924935165365,0.2045538740274805
2023-04-13,"Residential Building, Nicosia",16.287119621526536,10.342320959669351,2.4267808236074537,2.263909627392189,1.0260885361561718,0.09772271772915922,0.14658407659373884
2023-04-14,"Residential Building, Nicosia",20.171413823294056,12.808847777791726,3.0055406596708143,2.803826521437874,1.2707990708675256,0.12102848293976434,0.18154272440964653
2023-04-15,"Residential Building, Nicosia",28.15132947852186,17.876094218861383,4.1945480922997564,3.913034797514539,1.7735337571468772,0.16890797687113115,0.25336196530669675
2023-04-16,"Residential Building, Nicosia",14.9858445829775,9.516011310190713,2.232890842863647,2.0830323970338727,0.9441082087275825,0.089915067497865,0.1348726012467975
2023-04-17,"Residential Building, Nicosia",18.207658460712597,11.561863122552499,2.712941110646177,2.530864526039051,1.1470824830248936,0.10924595076427558,0.1638689261464134
2023-04-18,"Residential Building, Nicosia",25.111022770860973,15.945499459496718,3.741542392858285,3.4904321651496755,1.5819944345642414,0.15066613662516584,0.22599920493774878
2023-04-19,"Residential Building, Nicosia",14.57596330983245,9.255736701743606,2.171818533165035,2.0260589000667104,0.9182856885194443,0.08745577985899469,0.13118366978849205
2023-04-20,"Residential Building, Nicosia",11.53959819657586,7.327644854825671,1.719400131289803,1.6040041493240447,0.7269946863842791,0.06923758917945516,0.10385638376918274
2023-04-21,"Residential Building, Nicosia",15.79502905827536,10.029843452004853,2.3534593296830284,2.195509039100275,0.9950868306713476,0.09477017434965215,0.14215526152447824
2023-04-22,"Residential Building, Nicosia",13.224425745080088,8.397510348125856,1.970439436016933,1.8381951785661323,0.8331388219400456,0.07934655447048053,0.11901983170572081
2023-04-23,"Residential Building, Nicosia",28.59395304685146,18.157160184750676,4.2604990039808674,3.9745594735123535,1.801419041951642,0.17156371828110878,0.2573455774216632
2023-04-24,"Residential Building, Nicosia",26.16240759128834,16.613128820468095,3.8981987311019624,3.6365746551890794,1.6482316782511655,0.15697444554773005,0.23546166832159507
2023-04-25,"Residential Building, Nicosia",22.66807513020847,14.39422770768238,3.377543194401062,3.150862443098978,1.4280887332031338,0.13600845078125084,0.20401267617187627
2023-04-26,"Residential Building, Nicosia",27.42921180375436,17.41754949538402,4.0869525587594,3.8126604407218565,1.7280403436365246,0.16457527082252615,0.24686290623378926
2023-04-27,"Residential Building, Nicosia",26.07344153798229,16.556635376618754,3.884942789159361,3.6242083737795387,1.6426268168928844,0.15644064922789375,0.23466097384184065
2023-04-28,"Residential Building, Nicosia",13.731401177720716,8.719439747852656,2.0459787754803864,1.9086647637031797,0.8650782741964052,0.0823884070663243,0.12358261059948646
2023-04-29,"Residential Building, Nicosia",27.85117996979956,17.68549928082272,4.149825815500134,3.871314015802139,1.7546243380973723,0.16710707981879735,0.2506606197281961
2023-04-30,"Residential Building, Nicosia",20.786844838313016,13.199646472328766,3.097239880908639,2.8893714325255093,1.30957122481372,0.1247210690298781,0.18708160354481718
2023-05-01,"Residential Building, Nicosia",26.14880310328125,16.604489970583593,3.8961716623889058,3.634683631356094,1.6473745955067187,0.1568928186196875,0.23533922792953127
2023-05-02,"Residential Building, Nicosia",27.921825998469863,17.730359509028364,4.160352073772009,3.8811338137873115,1.7590750379036013,0.16753095599081919,0.2512964339862288
2023-05-03,"Residential Building, Nicosia",16.360069499437277,10.388644132142671,2.437650355416154,2.2740496604217815,1.0306843784645485,0.09816041699662366,0.1472406254949355
2023-05-04,"Residential Building, Nicosia",12.201038490553536,7.747659441501495,1.8179547350924767,1.6959443501869416,0.7686654249048728,0.07320623094332122,0.10980934641498184
2023-05-05,"Residential Building, Nicosia",14.558703250838834,9.24477656428266,2.169246784374986,2.023659751866598,0.9171983048028465,0.08735221950503301,0.1310283292575495
2023-05-06,"Residential Building, Nicosia",18.542155772525128,11.774268915553456,2.762781210106244,2.577359652380993,1.168155813669083,0.11125293463515076,0.16687940195272616
2023-05-07,"Residential Building, Nicosia",26.36029531844986,16.738787527215663,3.927684002449029,3.664081049264531,1.6606986050623413,0.15816177191069916,0.23724265786604878
2023-05-08,"Residential Building, Nicosia",27.214611665126867,17.28127840735556,4.054977138103903,3.782831021452635,1.7145205349029926,0.1632876699907612,0.24493150498614183
2023-05-09,"Residential Building, Nicosia",10.139042610623816,6.438292057746123,1.5107173489829486,1.4093269228767107,0.6387596844693004,0.0608342556637429,0.09125138349561436
2023-05-10,"Residential Building, Nicosia",20.21494605155132,12.836490742735087,3.0120269616811464,2.8098775011656336,1.2735416012477332,0.12128967630930791,0.1819345144639619
2023-05-11,"Residential Building, Nicosia",18.348220062975575,11.65111973998949,2.7338847893833607,2.550402588753605,1.1559378639674611,0.11008932037785345,0.1651339805667802
2023-05-12,"Residential Building, Nicosia",14.442156209414604,9.170769192978273,2.151881275202776,2.0074597131086303,0.90985584119312,0.08665293725648762,0.12997940588473145
2023-05-13,"Residential Building, Nicosia",12.397307346673657,7.872290165137772,1.8471987946543746,1.7232257211876385,0.7810303628404404,0.07438384408004194,0.11157576612006292
2023-05-14,"Residential Building, Nicosia",16.75230342807256,10.637712676826075,2.496093210782811,2.328570176502086,1.0553951159685713,0.10051382056843536,0.15077073085265305
2023-05-15,"Residential Building, Nicosia",28.858194078250385,18.324953239688995,4.299870917659307,4.011288976876804,1.8180662269297743,0.17314916446950232,0.2597237467042535
2023-05-16,"Residential Building, Nicosia",16.464058640415104,10.45467723666359,2.4531447374218502,2.2885041510176998,1.0372356943461516,0.09878435184249063,0.14817652776373594
2023-05-17,"Residential Building, Nicosia",20.37581243486732,12.938640896140749,3.0359960527952308,2.832237928446558,1.2836761833966412,0.12225487460920392,0.1833823119138059
2023-05-18,"Residential Building, Nicosia",24.06037917790356,15.278340777968761,3.58499649750763,3.344392705728595,1.5158038882079243,0.14436227506742136,0.21654341260113205
2023-05-19,"Residential Building, Nicosia",17.27259204758588,10.968095950217036,2.573616215090296,2.4008902946144377,1.0881732989979105,0.10363555228551528,0.15545332842827295
2023-05-20,"Residential Building, Nicosia",29.43564165441921,18.6916324505562,4.385910606508462,4.0915541899642704,1.8544454242284103,0.17661384992651527,0.26492077488977295
2023-05-21,"Residential Building, Nicosia",29.248945898842223,18.57308064576481,4.358092938927491,4.065603479939069,1.84268359162706,0.17549367539305333,0.26324051308958
2023-05-22,"Residential Building, Nicosia",15.035645916507285,9.547635156982127,2.2403112415595854,2.089954782394513,0.947245692739959,0.09021387549904371,0.13532081324856557
2023-05-23,"Residential Building, Nicosia",19.94497011784771,12.665056024833296,2.9718005475593086,2.772350846380832,1.2565331174244057,0.11966982070708626,0.17950473106062942
2023-05-24,"Residential Building, Nicosia",16.017566196335395,10.171154534672976,2.386617363253974,2.22644170129062,1.0091066703691298,0.09610539717801236,0.14415809576701857
2023-05-25,"Residential Building, Nicosia",15.696809887549351,9.967474278593839,2.3388246732448534,2.18185657436936,0.9888990229156092,0.09418085932529612,0.14127128898794417
2023-05-26,"Residential Building, Nicosia",10.737738947090657,6.818464231402567,1.5999231031165078,1.4925457136456015,0.6764775536667114,0.06442643368254394,0.09663965052381593
2023-05-27,"Residential Building, Nicosia",22.191286679597937,14.091467041544691,3.3065017152600924,3.0845888484641133,1.3980510608146701,0.13314772007758763,0.19972158011638144
2023-05-28,"Residential Building, Nicosia",20.05358046457723,12.73402359500654,2.987983489222007,2.787447684576235,1.2633755692683655,0.12032148278746338,0.18048222418119508
2023-05-29,"Residential Building, Nicosia",11.029575024999788,7.0037801408748654,1.6434066787249684,1.5331109284749707,0.6948632265749867,0.06617745014999873,0.0992661752249981
2023-05-30,"Residential Building, Nicosia",15.57292928473223,9.888810095804965,2.320366463425102,2.1646371705777803,0.9810945449381304,0.09343757570839338,0.1401563635625901
2023-05-31,"Residential Building, Nicosia",28.165317719333075,17.884976751776502,4.196632340180628,3.9149791629872976,1.7744150163179837,0.16899190631599845,0.2534878594739977
2023-06-01,"Residential Building, Nicosia",14.791237813339448,9.392436011470549,2.2038944341875775,2.0559820560541833,0.9318479822403852,0.08874742688003669,0.13312114032005504
2023-06-02,"Residential Building, Nicosia",12.897897441824462,8.190164875558533,1.9217867188318447,1.7928077444136004,0.8125675388349411,0.07738738465094677,0.11608107697642017
2023-06-03,"Residential Building, Nicosia",19.78905520555126,12.56605005552505,2.948569225627138,2.7506786735716253,1.2467104779497293,0.11873433123330757,0.17810149684996138
2023-06-04,"Residential Building, Nicosia",29.71300908221201,18.867760767204626,4.42723835324959,4.13010826242747,1.8719195721793567,0.17827805449327208,0.26741708173990814
2023-06-05,"Residential Building, Nicosia",14.841105430230009,9.424101948196055,2.211324709104271,2.0629136548019713,0.9349896421044905,0.08904663258138006,0.1335699488720701
2023-06-06,"Residential Building, Nicosia",23.44271094811757,14.886121452054656,3.4929639312695175,3.258536821788342,1.4768907897314068,0.1406562656887054,0.21098439853305814
2023-06-07,"Residential Building, Nicosia",25.23239230657435,16.022569114674713,3.7596264536795783,3.5073025306138352,1.589640715314184,0.1513943538394461,0.22709153075916919
2023-06-08,"Residential Building, Nicosia",14.752750879847994,9.367996808703477,2.198159881097351,2.0506323722988715,0.9294233054304236,0.08851650527908797,0.13277475791863197
2023-06-09,"Residential Building, Nicosia",24.56432697223719,15.598347627370616,3.660084718863341,3.41444144914097,1.547552599250943,0.14738596183342315,0.22107894275013473
2023-06-10,"Residential Building, Nicosia",17.355662654385064,11.020845785534515,2.5859937355033744,2.4124371089595242,1.093406747226259,0.1041339759263104,0.15620096388946558
2023-06-11,"Residential Building, Nicosia",22.64611661187159,14.38028404853846,3.374271375168867,3.1478102090501516,1.4267053465479103,0.13587669967122956,0.20381504950684434
2023-06-12,"Residential Building, Nicosia",22.670594215217896,14.395827326663364,3.3779185380674663,3.151212595915288,1.4282474355587276,0.13602356529130738,0.2040353479369611
2023-06-13,"Residential Building, Nicosia",20.71549368149517,13.154338487749431,3.08660855854278,2.8794536217278286,1.3050761019341957,0.12429296208897102,0.18643944313345653
2023-06-14,"Residential Building, Nicosia",11.805795401088163,7.496680079690984,1.7590635147621363,1.6410055607512548,0.7437651102685543,0.07083477240652898,0.10625215860979348
2023-06-15,"Residential Building, Nicosia",26.70604991178476,16.95834169398332,3.979201436855929,3.712140937738082,1.68248114444244,0.16023629947070855,0.24035444920606286
2023-06-16,"Residential Building, Nicosia",16.415601299434716,10.423906825141044,2.4459245936157727,2.2817685806214256,1.034182881864387,0.09849360779660829,0.14774041169491245
2023-06-17,"Residential Building, Nicosia",13.730370207997083,8.718785082078147,2.045825160991565,1.9085214589115949,0.8650133231038163,0.0823822212479825,0.12357333187197377
2023-06-18,"Residential Building, Nicosia",10.815502831095278,6.867844297745502,1.6115099218331963,1.5033548935222438,0.6813766783590025,0.06489301698657167,0.09733952547985751
2023-06-19,"Residential Building, Nicosia",21.81785886376484,13.854340378490674,3.2508609707009612,3.032682382063313,1.374525108417185,0.13090715318258905,0.19636072977388358
2023-06-20,"Residential Building, Nicosia",23.55128723684565,14.955067395396988,3.5091417982900017,3.2736289259215456,1.483731095921276,0.1413077234210739,0.21196158513161087
2023-06-21,"Residential Building, Nicosia",10.331756578557124,6.560665427383774,1.5394317302050116,1.4361141644194404,0.6509006644490989,0.06199053947134275,0.09298580920701413
2023-06-22,"Residential Building, Nicosia",20.24186116598562,12.853581840400867,3.016037313731857,2.8136187020720014,1.275237253457094,0.12145116699591371,0.18217675049387058
2023-06-23,"Residential Building, Nicosia",14.529915503958758,9.226496345013812,2.1649574100898548,2.0196582550502677,0.9153846767494018,0.08717949302375255,0.13076923953562883
2023-06-24,"Residential Building, Nicosia",22.903455808189,14.543694438200015,3.412614915420161,3.1835803573382715,1.442917715915907,0.137420734849134,0.20613110227370104
2023-06-25,"Residential Building, Nicosia",13.48732858009983,8.564453648363392,2.0096119584348746,1.8747386726338764,0.8497017005462892,0.08092397148059897,0.12138595722089848
2023-06-26,"Residential Building, Nicosia",23.81875476204932,15.124909273901318,3.5489944595453484,3.3108069119248555,1.500581550009107,0.14291252857229592,0.2143687928584439
2023-06-27,"Residential Building, Nicosia",17.734706926010748,11.261538898016825,2.6424713319756012,2.465124262715494,1.1172865363386772,0.10640824155606449,0.15961236233409676
2023-06-28,"Residential Building, Nicosia",28.73459977473469,18.246470856956527,4.281455366435469,3.994109368688122,1.8102797858082855,0.17240759864840816,0.25861139797261223
2023-06-29,"Residential Building, Nicosia",12.750418882919863,8.096515990654114,1.8998124135550596,1.7723082247258612,0.8032763896239514,0.07650251329751918,0.11475376994627878
2023-06-30,"Residential Building, Nicosia",16.82132702100517,10.681542658338284,2.50637772612977,2.3381644559197188,1.0597436023233258,0.10092796212603103,0.15139194318904656
2023-07-01,"Residential Building, Nicosia",12.269470424811782,7.791113719755482,1.8281510932969556,1.705456389048838,0.7729766367631423,0.0736168225488707,0.11042523382330606
2023-07-02,"Residential Building, Nicosia",28.493872365571256,18.09360895213775,4.245586982470117,3.960648258814405,1.7951139590309892,0.17096323419342754,0.25644485129014133
2023-07-03,"Residential Building, Nicosia",27.54678706761962,17.492209787938457,4.104471273075323,3.8290034023991275,1.735447585260036,0.1652807224057177,0.2479210836085766
2023-07-04,"Residential Building, Nicosia",15.158832554303112,9.625858671982476,2.2586660505911635,2.107077725048133,0.955006450921096,0.09095299532581867,0.13642949298872803
2023-07-05,"Residential Building, Nicosia",23.19968092068358,14.731797384634074,3.456752457181853,3.2247556479750177,1.4615798980030656,0.13919808552410148,0.20879712828615224
2023-07-06,"Residential Building, Nicosia",26.34444400402432,16.728721942555445,3.925322156599624,3.661877716559381,1.6596999722535322,0.15806666402414593,0.23709999603621892
2023-07-07,"Residential Building, Nicosia",21.10401623198925,13.401050307313174,3.144498418566398,2.9334582562465057,1.3295530226153227,0.1266240973919355,0.18993614608790327
2023-07-08,"Residential Building, Nicosia",20.59301156712013,13.076562345121282,3.068358723500899,2.862428607829698,1.297359728728568,0.12355806940272078,0.1853371041040812
2023-07-09,"Residential Building, Nicosia",14.837045818009036,9.421524094435739,2.2107198268833463,2.062349368703256,0.9347338865345693,0.08902227490805421,0.13353341236208136
2023-07-10,"Residential Building, Nicosia",11.862055356117985,7.53240515113492,1.7674462480615796,1.6488256945004,0.747309487435433,0.07117233213670791,0.10675849820506188
2023-07-11,"Residential Building, Nicosia",27.944315159066534,17.744640126007248,4.163702958700913,3.8842598071102485,1.7604918550211917,0.1676658909543992,0.2514988364315988
2023-07-12,"Residential Building, Nicosia",28.008361143266608,17.785309325974296,4.1732458103467245,3.893162198914059,1.7645267520257963,0.16805016685959964,0.2520752502893995
2023-07-13,"Residential Building, Nicosia",22.66202914546536,14.390388507370504,3.3766423426743386,3.1500220512196853,1.4277078361643178,0.13597217487279217,0.2039582623091883
2023-07-14,"Residential Building, Nicosia",16.780595820974014,10.6556783463185,2.500308777325128,2.3325028191153883,1.057177536721363,0.10068357492584408,0.15102536238876615
2023-07-15,"Residential Building, Nicosia",16.984191492253217,10.784961597580793,2.5306445323457294,2.3608026174231975,1.0700040640119526,0.1019051489535193,0.15285772343027898
2023-07-16,"Residential Building, Nicosia",24.519113577404788,15.56963712165204,3.6533479230333135,3.4081567872592657,1.5447041553765017,0.14711468146442874,0.22067202219664311
2023-07-17,"Residential Building, Nicosia",27.942205199051543,17.74330030139773,4.16338857465868,3.883966522668165,1.7603589275402471,0.16765323119430925,0.2514798467914639
2023-07-18,"Residential Building, Nicosia",27.741728485302342,17.615997588166987,4.133517544310049,3.856100259457026,1.7477288945740477,0.16645037091181406,0.24967555636772112
2023-07-19,"Residential Building, Nicosia",25.59751091715248,16.254419432391824,3.8140291266557194,3.5580540174841953,1.6126431877806062,0.15358506550291487,0.23037759825437235
2023-07-20,"Residential Building, Nicosia",22.84063292308576,14.503801906159458,3.403254305539778,3.174847976308921,1.438959874154403,0.13704379753851456,0.20556569630777186
2023-07-21,"Residential Building, Nicosia",11.682799299900976,7.41857755543712,1.7407370956852455,1.6239091026862358,0.7360163558937615,0.07009679579940586,0.1051451936991088
2023-07-22,"Residential Building, Nicosia",13.232574281892276,8.402684669001596,1.9716535680019491,1.8393278251830265,0.8336521797592135,0.07939544569135366,0.1190931685370305
2023-07-23,"Residential Building, Nicosia",27.971083770541583,17.761638194293905,4.167691481810696,3.8879806441052804,1.7621782775441197,0.1678265026232495,0.2517397539348743
2023-07-24,"Residential Building, Nicosia",22.1285811931918,14.051649057676793,3.297158597785578,3.0758727858536603,1.3941006151710833,0.1327714871591508,0.1991572307387262
2023-07-25,"Residential Building, Nicosia",10.183941032332593,6.4668025555311965,1.5174072138175563,1.4155678034942305,0.6415882850369533,0.06110364619399555,0.09165546929099334
2023-07-26,"Residential Building, Nicosia",12.029430857320644,7.63868859439861,1.7923851977407759,1.6720908891675696,0.7578541440112005,0.07217658514392387,0.10826487771588582
2023-07-27,"Residential Building, Nicosia",23.270035382161115,14.776472467672308,3.467235271942006,3.2345349181203953,1.4660122290761504,0.1396202122929667,0.20943031843945006
2023-07-28,"Residential Building, Nicosia",10.101231676924376,6.414282114846979,1.505083519861732,1.4040712030924885,0.6363775956462357,0.06060739006154626,0.0909110850923194
2023-07-29,"Residential Building, Nicosia",13.216161028349973,8.392262253002233,1.9692079932241457,1.8370463829406463,0.8326181447860482,0.07929696617009983,0.11894544925514977
2023-07-30,"Residential Building, Nicosia",20.974675787331723,13.318919124955643,3.1252266923124266,2.9154799344391096,1.3214045746018985,0.12584805472399033,0.18877208208598553
2023-07-31,"Residential Building, Nicosia",23.837903953853864,15.137069010697203,3.5518476891242257,3.3134686495856873,1.5017879490927935,0.1430274237231232,0.2145411355846848
2023-08-01,"Residential Building, Nicosia",23.03922519005201,14.629907995683027,3.4328445533177496,3.20245230141723,1.4514711869732768,0.13823535114031207,0.20735302671046812
2023-08-02,"Residential Building, Nicosia",14.485386189211196,9.19822023014911,2.1583225421924683,2.0134686803003565,0.9125793299203053,0.08691231713526718,0.13036847570290078
2023-08-03,"Residential Building, Nicosia",24.24358442695072,15.394676111113707,3.612294079615657,3.3698582353461504,1.5273458188978952,0.1454615065617043,0.2181922598425565
2023-08-04,"Residential Building, Nicosia",14.744981749936002,9.363063411209362,2.197002280740464,2.0495524632411044,0.9289338502459682,0.08846989049961601,0.13270483574942404
2023-08-05,"Residential Building, Nicosia",16.507993963185356,10.482576166622701,2.459691100514618,2.2946111608827646,1.0400036196806774,0.09904796377911214,0.14857194566866821
2023-08-06,"Residential Building, Nicosia",24.92982810236048,15.830440844998906,3.7145443872517117,3.4652461062281072,1.5705791704487104,0.1495789686141629,0.22436845292124435
2023-08-07,"Residential Building, Nicosia",22.99265798094429,14.600337817899625,3.425906039160699,3.1959794593512565,1.4485374527994903,0.13795594788566576,0.20693392182849865
2023-08-08,"Residential Building, Nicosia",26.98446820988356,17.13513731327606,4.02068576327265,3.750841081173815,1.7000214972226642,0.16190680925930137,0.24286021388895207
2023-08-09,"Residential Building, Nicosia",23.15225784600687,14.701683732214361,3.4496864190550234,3.218163840594955,1.4585922442984327,0.13891354707604123,0.20837032061406185
2023-08-10,"Residential Building, Nicosia",21.36617206670943,13.56751926236049,3.1835596379397053,2.969897917272611,1.3460688402026941,0.1281970324002566,0.19229554860038492
2023-08-11,"Residential Building, Nicosia",11.87349535656185,7.539669551416775,1.7691508081277156,1.6504158545620973,0.7480302074633965,0.0712409721393711,0.10686145820905667
2023-08-12,"Residential Building, Nicosia",17.35431606118867,11.019990698854805,2.5857930931171116,2.412249932505225,1.0933219118548863,0.10412589636713201,0.15618884455069804
2023-08-13,"Residential Building, Nicosia",15.304047353634507,9.718070069557912,2.2803030556915416,2.1272625821551965,0.964154983278974,0.09182428412180704,0.1377364261827106
2023-08-14,"Residential Building, Nicosia",14.87979286758167,9.448668470914361,2.2170891372696686,2.0682912085938523,0.9374269506576453,0.08927875720549003,0.13391813580823506
2023-08-15,"Residential Building, Nicosia",29.460211095048912,18.70723404535606,4.389571453162287,4.094969342211799,1.8559932989880814,0.17676126657029348,0.26514189985544023
2023-08-16,"Residential Building, Nicosia",17.861954493335208,11.342341103267858,2.661431219506946,2.482811674573594,1.1253031330801182,0.10717172696001125,0.1607575904400169
2023-08-17,"Residential Building, Nicosia",27.840931103542268,17.67899125074934,4.148298734427797,3.8698894233923755,1.7539786595231628,0.1670455866212536,0.2505683799318804
2023-08-18,"Residential Building, Nicosia",22.622772519945254,14.365460550165237,3.3707931054718427,3.1445653802723905,1.4252346687565511,0.13573663511967152,0.20360495267950732
2023-08-19,"Residential Building, Nicosia",25.896226070832967,16.444103554978934,3.8585376845541117,3.5995754238457827,1.631462242462477,0.1553773564249978,0.23306603463749673
2023-08-20,"Residential Building, Nicosia",20.052741862103844,12.733491082435942,2.9878585374534725,2.7873311188324346,1.2633227373125422,0.12031645117262306,0.1804746767589346
2023-08-21,"Residential Building, Nicosia",21.53807769252718,13.67667933475476,3.20917357618655,2.9937927992612785,1.3568988946292124,0.1292284661551631,0.19384269923274466
2023-08-22,"Residential Building, Nicosia",19.85035387637728,12.604974711499572,2.9577027275802146,2.759199188816442,1.2505722942117687,0.11910212325826368,0.17865318488739554
2023-08-23,"Residential Building, Nicosia",13.90485975596089,8.829585945035166,2.0718241036381726,1.9327755060785639,0.8760061646255362,0.08342915853576534,0.12514373780364804
2023-08-24,"Residential Building, Nicosia",24.44904230523011,15.52514186382112,3.642907303479286,3.398416880426985,1.5402896652294968,0.14669425383138066,0.220041380747071
2023-08-25,"Residential Building, Nicosia",15.615447248817116,9.915809002998868,2.3267016400737504,2.170547167585579,0.9837731766754783,0.0936926834929027,0.14053902523935405
2023-08-26,"Residential Building, Nicosia",10.486319328629076,6.658812773679463,1.5624615799657322,1.4575983866794417,0.6606381177036318,0.06291791597177446,0.0943768739576617
2023-08-27,"Residential Building, Nicosia",22.909445918143355,14.54749815802103,3.4135074418033597,3.1844129826219265,1.4432950928430315,0.13745667550886012,0.20618501326329022
2023-08-28,"Residential Building, Nicosia",13.542213588140978,8.599305628469521,2.0177898246330055,1.882367688751596,0.8531594560528816,0.08125328152884587,0.12187992229326881
2023-08-29,"Residential Building, Nicosia",28.809171687058285,18.29382402128201,4.292566581371684,4.004474864501102,1.814977816284672,0.1728550301223497,0.2592825451835246
2023-08-30,"Residential Building, Nicosia",29.078571540051747,18.46489292793286,4.33270715946771,4.041921444067193,1.8319500070232602,0.17447142924031048,0.2617071438604658
2023-08-31,"Residential Building, Nicosia",28.29728780440897,17.968777755799696,4.216295882856937,3.933323004812847,1.7827291316777651,0.16978372682645382,0.2546755902396808
2023-09-01,"Residential Building, Nicosia",17.403174005108887,11.051015493244144,2.593072926761224,2.419041186710136,1.0963999623218599,0.10441904403065333,0.15662856604598
2023-09-02,"Residential Building, Nicosia",10.309132330577349,6.546299029916616,1.5360607172560248,1.4329693939502515,0.6494753368263729,0.06185479398346409,0.09278219097519615
2023-09-03,"Residential Building, Nicosia",28.566371251754507,18.13964574486411,4.256389316511421,3.970725603993877,1.7996813888605339,0.17139822751052705,0.2570973412657906
2023-09-04,"Residential Building, Nicosia",18.563682966346285,11.787938683629891,2.7659887619855965,2.580351932322134,1.169512026879816,0.11138209779807771,0.1670731466971166
2023-09-05,"Residential Building, Nicosia",29.333096380873396,18.626516201854606,4.370631360750136,4.077300396941403,1.847985071995024,0.17599857828524038,0.2639978674278606
2023-09-06,"Residential Building, Nicosia",29.272399541785056,18.58797370903351,4.361587531725974,4.068863536308124,1.8441611711324586,0.17563439725071034,0.26345159587606554
2023-09-07,"Residential Building, Nicosia",27.060189109347203,17.183220084435472,4.031968177292733,3.7613662861992614,1.7047919138888739,0.1623611346560832,0.24354170198412486
2023-09-08,"Residential Building, Nicosia",15.888977841391714,10.089500929283739,2.367457698367365,2.2085679199534485,1.001005604007678,0.09533386704835028,0.14300080057252545
2023-09-09,"Residential Building, Nicosia",17.701954572038506,11.240741153244452,2.6375912312337375,2.4605716855133526,1.1152231380384259,0.10621172743223103,0.15931759114834657
2023-09-10,"Residential Building, Nicosia",27.022733430337137,17.159435728264082,4.0263872811202335,3.7561599468168625,1.7024322061112396,0.16213640058202283,0.24320460087303425
2023-09-11,"Residential Building, Nicosia",16.338440103125553,10.374909465484727,2.4344275753657074,2.271043174334452,1.02932172649691,0.09803064061875331,0.14704596092813
2023-09-12,"Residential Building, Nicosia",13.38985493372185,8.502557882913374,1.9950883851245556,1.8611898357873373,0.8435608608244766,0.0803391296023311,0.12050869440349667
2023-09-13,"Residential Building, Nicosia",21.136025249167005,13.42137603322105,3.1492677621258838,2.937907509634214,1.3315695906975213,0.12681615149500203,0.19022422724250307
2023-09-14,"Residential Building, Nicosia",28.72309548321562,18.239165631841917,4.2797412269991275,3.9925102721669714,1.8095550154425841,0.17233857289929372,0.2585078593489406
2023-09-15,"Residential Building, Nicosia",23.92059593349946,15.189578417772157,3.5641687940914193,3.324962834756425,1.506997543810466,0.14352357560099677,0.21528536340149515
2023-09-16,"Residential Building, Nicosia",21.4012234017873,13.589776860134934,3.1887822868663074,2.974770052848435,1.3482770743125998,0.1284073404107238,0.1926110106160857
2023-09-17,"Residential Building, Nicosia",11.94352987541537,7.58414147088876,1.7795859514368901,1.6601506526827365,0.7524423821511683,0.07166117925249223,0.10749176887873835
2023-09-18,"Residential Building, Nicosia",22.3001445339834,14.160591779079459,3.3227215355635265,3.099720090223693,1.4049091056409542,0.1338008672039004,0.2007013008058506
2023-09-19,"Residential Building, Nicosia",29.801077002085265,18.923683896324142,4.4403604733107045,4.142349703289852,1.8774678511313716,0.1788064620125116,0.2682096930187674
2023-09-20,"Residential Building, Nicosia",12.80168030473048,8.129066993503855,1.9074503654048414,1.7794335623575368,0.8065058591980202,0.07681008182838288,0.11521512274257434
2023-09-21,"Residential Building, Nicosia",20.366593047274733,12.932786585019455,3.034622364043935,2.8309564335711883,1.2830953619783083,0.1221995582836484,0.18329933742547264
2023-09-22,"Residential Building, Nicosia",27.547461438559107,17.492638013485035,4.104571754345307,3.8290971399597162,1.7354900706292238,0.16528476863135466,0.247927152947032
2023-09-23,"Residential Building, Nicosia",24.815372355084087,15.757761445478396,3.6974904809075286,3.449336757356688,1.5633684583702974,0.14889223413050454,0.22333835119575682
2023-09-24,"Residential Building, Nicosia",23.94031481990536,15.202099910639904,3.5671069081658984,3.3277037599668455,1.5082398336540377,0.14364188891943216,0.21546283337914826
2023-09-25,"Residential Building, Nicosia",24.049681679742186,15.271547866636288,3.5834025702815855,3.342905753484164,1.5151299458237577,0.14429809007845312,0.21644713511767968
2023-09-26,"Residential Building, Nicosia",17.189823024395103,10.915537620490891,2.56128363063487,2.3893854003909194,1.0829588505368914,0.10313893814637062,0.15470840721955595
2023-09-27,"Residential Building, Nicosia",15.871836885289866,10.078616422159065,2.36490369590819,2.206185327055292,0.9999257237732616,0.0952310213117392,0.14284653196760883
2023-09-28,"Residential Building, Nicosia",26.187223109570272,16.628886674577124,3.9018962433259703,3.6400240122302683,1.649795055902927,0.15712333865742165,0.23568500798613248
2023-09-29,"Residential Building, Nicosia",26.202267893583617,16.638440112425595,3.904137916143959,3.642115237208123,1.650742877295768,0.1572136073615017,0.23582041104225257
2023-09-30,"Residential Building, Nicosia",27.341446371602075,17.36181844596732,4.073875509368709,3.8004610456526886,1.7225111214109308,0.16404867822961244,0.2460730173444187
2023-10-01,"Residential Building, Nicosia",28.264811051129428,17.948155017467187,4.211456846618285,3.928808736106991,1.780683096221154,0.16958886630677658,0.25438329946016486
2023-10-02,"Residential Building, Nicosia",20.22684797721876,12.844048465533913,3.0138003486055953,2.811531868833408,1.274291422564782,0.12136108786331257,0.18204163179496888
2023-10-03,"Residential Building, Nicosia",20.030325893743992,12.719256942527435,2.9845185581678546,2.784215299230415,1.2619105313058716,0.12018195536246395,0.18027293304369596
2023-10-04,"Residential Building, Nicosia",25.965903579335503,16.488348772878044,3.86891963332099,3.6092605975276353,1.6358519254981367,0.15579542147601302,0.23369313221401955
2023-10-05,"Residential Building, Nicosia",22.999278615555305,14.604541920877619,3.4268925137177404,3.1968997275621875,1.4489545527799843,0.13799567169333182,0.20699350753999776
2023-10-06,"Residential Building, Nicosia",24.03933754515407,15.264979341172834,3.581861294227956,3.341467918776416,1.5144782653447064,0.1442360252709244,0.21635403790638666
2023-10-07,"Residential Building, Nicosia",25.91585338872202,16.45656690183848,3.8614621549195807,3.602303621032361,1.6326987634894872,0.15549512033233212,0.2332426804984982
2023-10-08,"Residential Building, Nicosia",27.80010683635133,17.653067841083093,4.142215918616348,3.8642148502528353,1.7514067306901338,0.166800641018108,0.250200961527162
2023-10-09,"Residential Building, Nicosia",16.759903137030715,10.642538492014504,2.4972255674175763,2.3296265360472694,1.0558738976329352,0.10055941882218429,0.15083912823327644
2023-10-10,"Residential Building, Nicosia",17.51165905279888,11.11990349852729,2.609237198867033,2.4341206083390445,1.1032345203263294,0.10506995431679328,0.15760493147518995
2023-10-11,"Residential Building, Nicosia",11.87963879681738,7.543570635979036,1.7700661807257896,1.6512697927576159,0.748417244199495,0.07127783278090428,0.10691674917135643
2023-10-12,"Residential Building, Nicosia",21.56560281992348,13.69415779065141,3.2132748201685986,2.997618791969364,1.3586329776551793,0.12939361691954088,0.19409042537931134
2023-10-13,"Residential Building, Nicosia",10.718845475934842,6.806466877218624,1.5971079759142914,1.4899195211549432,0.675287264983895,0.06431307285560905,0.09646960928341358
2023-10-14,"Residential Building, Nicosia",19.3119603626492,12.263094830282242,2.8774820940347303,2.684362490408239,1.2166535028468994,0.11587176217589519,0.17380764326384282
2023-10-15,"Residential Building, Nicosia",20.85289269415153,13.241586860786223,3.107081011428578,2.898552084487063,1.3137322397315465,0.12511735616490918,0.18767603424736382
2023-10-16,"Residential Building, Nicosia",15.730825042565687,9.989073902029212,2.343892931342287,2.186584680916631,0.9910419776816383,0.09438495025539413,0.1415774253830912
2023-10-17,"Residential Building, Nicosia",21.81666521138021,13.853582409226435,3.2506831164956513,3.0325164643818496,1.3744499083169532,0.13089999126828128,0.19634998690242192
2023-10-18,"Residential Building, Nicosia",10.610004998780989,6.737353174225928,1.5808907448183673,1.4747906948305576,0.6684303149232023,0.06366002999268593,0.09549004498902891
2023-10-19,"Residential Building, Nicosia",10.746963774984287,6.824321997115023,1.6012976024726588,1.493827964722816,0.6770587178240101,0.06448178264990573,0.09672267397485859
2023-10-20,"Residential Building, Nicosia",26.452011213193167,16.79702712037766,3.941349670765782,3.6768295586338504,1.6664767064311696,0.158712067279159,0.23806810091873853
2023-10-21,"Residential Building, Nicosia",17.20381282822526,10.92442114592304,2.5633681114055635,2.3913299831233115,1.0838402081781915,0.10322287696935156,0.15483431545402737
2023-10-22,"Residential Building, Nicosia",12.541210253037695,7.963668510678937,1.8686403277026165,1.7432282251722397,0.7900962459413748,0.07524726151822617,0.11287089227733928
2023-10-23,"Residential Building, Nicosia",20.44486520109609,12.982489402696016,3.046284914963317,2.8418362629523566,1.2880265076690536,0.12266919120657654,0.18400378680986482
2023-10-24,"Residential Building, Nicosia",25.399871061972217,16.128918124352357,3.78458078823386,3.5305820776141386,1.6001918769042496,0.1523992263718333,0.22859883955774998
2023-10-25,"Residential Building, Nicosia",14.316420549936865,9.09092704920991,2.133146661940593,1.9899824564412243,0.9019344946460225,0.0858985232996212,0.1288477849494318
2023-10-26,"Residential Building, Nicosia",22.457809516380003,14.260709042901302,3.34621361794062,3.121635522776821,1.4148419995319401,0.13474685709828002,0.20212028564742004
2023-10-27,"Residential Building, Nicosia",11.70694929987536,7.433912805420854,1.7443354456814286,1.6272659526826752,0.7375378058921477,0.07024169579925216,0.10536254369887825
2023-10-28,"Residential Building, Nicosia",11.033634423372154,7.0063578588413185,1.6440115290824509,1.5336751848487296,0.6951189686724457,0.06620180654023293,0.0993027098103494
2023-10-29,"Residential Building, Nicosia",20.62709263136296,13.09820382091548,3.073436802073081,2.8671658757594516,1.2995068357758666,0.12376255578817776,0.18564383368226667
2023-10-30,"Residential Building, Nicosia",20.81270243220213,13.216066044448352,3.101092662398117,2.892965638076096,1.3112002532287341,0.12487621459321278,0.1873143218898192
2023-10-31,"Residential Building, Nicosia",22.74859802996413,14.445359749027222,3.389541106464655,3.162055126165014,1.4331616758877401,0.13649158817978477,0.2047373822696772
2023-11-01,"Residential Building, Nicosia",24.52182667445323,15.571359938277801,3.653752174493531,3.4085339077489993,1.5448750804905536,0.14713096004671938,0.2206964400700791
2023-11-02,"Residential Building, Nicosia",29.51704158925069,18.74332140917419,4.3980391967983525,4.102868780905847,1.8595736201227935,0.17710224953550416,0.26565337430325625
2023-11-03,"Residential Building, Nicosia",20.326006966023904,12.90701442342518,3.0285750379375616,2.825314968277323,1.280538438859506,0.12195604179614343,0.18293406269421517
2023-11-04,"Residential Building, Nicosia",16.45912945882492,10.451547206353823,2.452410289364913,2.287818994776664,1.0369251559059698,0.09875477675294951,0.1481321651294243
2023-11-05,"Residential Building, Nicosia",25.90372389537407,16.448864673562536,3.8596548604107364,3.6006176214569963,1.6319346054085664,0.15542234337224442,0.23313351505836666
2023-11-06,"Residential Building, Nicosia",15.416645025241484,9.789569591028343,2.297080108760981,2.1429136585085664,0.9712486365902135,0.0924998701514489,0.13874980522717337
2023-11-07,"Residential Building, Nicosia",18.77942841411272,11.924937042961577,2.798134833702795,2.610340549561668,1.1831039900891014,0.11267657048467632,0.1690148557270145
2023-11-08,"Residential Building, Nicosia",11.56912762684532,7.346396043046779,1.7238000163999527,1.6081087401314997,0.7288550404912552,0.06941476576107193,0.1041221486416079
2023-11-09,"Residential Building, Nicosia",10.50701486830915,6.671954441376311,1.5655452153780633,1.4604750666949722,0.6619419367034765,0.0630420892098549,0.09456313381478236
2023-11-10,"Residential Building, Nicosia",29.252968293558503,18.57563486640965,4.358692275740217,4.066162592804632,1.8429370024941858,0.17551780976135103,0.26327671464202657
2023-11-11,"Residential Building, Nicosia",26.71960241024412,16.966947530505017,3.9812207591263737,3.714024735023933,1.6833349518453797,0.16031761446146472,0.24047642169219713
2023-11-12,"Residential Building, Nicosia",23.91948412187396,15.188872417389964,3.5640031341592198,3.3248082929404807,1.5069274996780595,0.14351690473124376,0.21527535709686568
2023-11-13,"Residential Building, Nicosia",18.1790588882854,11.54370239406123,2.7086797743545246,2.526889185471671,1.1452807099619802,0.10907435332971241,0.16361152999456863
2023-11-14,"Residential Building, Nicosia",13.465886401416917,8.550837864899743,2.0064170738111207,1.8717582097969516,0.8483508432892658,0.0807953184085015,0.12119297761275226
2023-11-15,"Residential Building, Nicosia",13.12874085342172,8.336750441922792,1.956182387159836,1.8248949786256192,0.8271106737655683,0.07877244512053032,0.11815866768079548
2023-11-16,"Residential Building, Nicosia",15.004857963291906,9.52808480669036,2.235723836530494,2.085675256897575,0.9453060516873901,0.09002914777975143,0.13504372166962716
2023-11-17,"Residential Building, Nicosia",20.984533294122407,13.325178641767728,3.1266954608242385,2.916850127883015,1.3220255975297117,0.12590719976473444,0.18886079964710167
2023-11-18,"Residential Building, Nicosia",24.291918454001248,15.425368218290792,3.619495849646186,3.3765766651061737,1.5303908626020786,0.1457515107240075,0.21862726608601127
2023-11-19,"Residential Building, Nicosia",23.203947534354626,14.734506684315187,3.457388182618839,3.2253487072752933,1.4618486946643414,0.13922368520612777,0.20883552780919165
2023-11-20,"Residential Building, Nicosia",15.598677938918858,9.905160491213476,2.3242030128989097,2.1682162335097215,0.982716710151888,0.09359206763351315,0.14038810145026973
2023-11-21,"Residential Building, Nicosia",29.09730561326388,18.476789064422565,4.335498536376318,4.04452548024368,1.8331302536356244,0.1745838336795833,0.26187575051937495
2023-11-22,"Residential Building, Nicosia",24.75793833391537,15.72129084203626,3.6889328117533897,3.441353428414237,1.5597501150366684,0.14854763000349222,0.22282144500523834
2023-11-23,"Residential Building, Nicosia",21.08708105022801,13.390296466894787,3.141975076483974,2.931104265981694,1.3284861061643647,0.12652248630136806,0.18978372945205213
2023-11-24,"Residential Building, Nicosia",22.234414924687044,14.118853477176273,3.3129278237783693,3.0905836745314996,1.4007681402552838,0.13340648954812226,0.20010973432218343
2023-11-25,"Residential Building, Nicosia",18.3920012485558,11.678920792832933,2.740408186034814,2.5564881735492566,1.1586960786590155,0.11035200749133481,0.16552801123700223
2023-11-26,"Residential Building, Nicosia",14.954619790023148,9.4961835666647,2.228238348713449,2.0786921508132177,0.9421410467714584,0.08972771874013889,0.13459157811020836
2023-11-27,"Residential Building, Nicosia",17.119453573025233,10.870853018871022,2.5507985823807595,2.3796040466505075,1.0785255751005898,0.1027167214381514,0.15407508215722712
2023-11-28,"Residential Building, Nicosia",25.15692220928738,15.974645602897487,3.7483814091838195,3.496812187090946,1.584886099185105,0.1509415332557243,0.22641229988358644
2023-11-29,"Residential Building, Nicosia",10.287869772595116,6.5327973055978985,1.5328925961166722,1.4300138983907211,0.6481357956734923,0.061727218635570694,0.09259082795335605
2023-11-30,"Residential Building, Nicosia",12.321452810138323,7.824122534437835,1.83589646871061,1.712681940609227,0.7762515270387144,0.07392871686082994,0.11089307529124492
2023-12-01,"Residential Building, Nicosia",10.920052840435057,6.934233553676261,1.6270878732248233,1.517887344820473,0.6879633289474085,0.06552031704261034,0.09828047556391552
2023-12-02,"Residential Building, Nicosia",10.814576046379402,6.867255789450921,1.611371830910531,1.503226070446737,0.6813182909219023,0.06488745627827641,0.09733118441741463
2023-12-03,"Residential Building, Nicosia",27.109211680220145,17.214349416939793,4.039272540352801,3.7681804235506005,1.7078803358538692,0.16265527008132089,0.24398290512198134
2023-12-04,"Residential Building, Nicosia",24.073157187600472,15.2864548141263,3.58690042095247,3.346168849076466,1.5166089028188297,0.14443894312560285,0.21665841468840427
2023-12-05,"Residential Building, Nicosia",19.483476581746505,12.372007629409032,2.903038010680229,2.7082032448627644,1.2274590246500299,0.11690085949047903,0.17535128923571858
2023-12-06,"Residential Building, Nicosia",11.95668321302003,7.59249384026772,1.7815457987399843,1.6619789666097844,0.7532710424202619,0.07174009927812018,0.10761014891718028
2023-12-07,"Residential Building, Nicosia",19.832317502336647,12.593521613983771,2.9550153078481602,2.756692132824794,1.2494360026472087,0.11899390501401988,0.17849085752102983
2023-12-08,"Residential Building, Nicosia",19.469435415611315,12.363091488913184,2.9009458769260856,2.706251522769973,1.226574431183513,0.1168166124936679,0.17522491874050186
2023-12-09,"Residential Building, Nicosia",13.464037398200304,8.549663747857194,2.0061415723318454,1.8715011983498424,0.8482343560866191,0.08078422438920183,0.12117633658380275
2023-12-10,"Residential Building, Nicosia",18.67703298475946,11.859915945322257,2.7828779147291596,2.5961075848815653,1.176653078039846,0.11206219790855676,0.16809329686283517
2023-12-11,"Residential Building, Nicosia",17.97009468794747,11.411010126846643,2.677544108504173,2.4978431616246985,1.1321159653406905,0.10782056812768481,0.16173085219152725
2023-12-12,"Residential Building, Nicosia",22.31700196104433,14.17129624526315,3.325233292195605,3.1020632725851622,1.4059711235457928,0.13390201176626598,0.200853017649399
2023-12-13,"Residential Building, Nicosia",22.701873017352877,14.415689366019077,3.382579079585579,3.1555603494120503,1.4302180000932312,0.13621123810411725,0.20431685715617592
2023-12-14,"Residential Building, Nicosia",10.90608019544089,6.9253609241049645,1.6250059491206925,1.5159451471662837,0.687083052312776,0.06543648117264533,0.09815472175896801
2023-12-15,"Residential Building, Nicosia",17.492252292529425,11.107580205756186,2.606345591586884,2.4314230686615903,1.1020118944293538,0.10495351375517656,0.15743027063276485
2023-12-16,"Residential Building, Nicosia",22.517198314284727,14.298420929570801,3.3550625488284243,3.129890565685577,1.4185834937999378,0.13510318988570835,0.20265478482856256
2023-12-17,"Residential Building, Nicosia",20.062725171601755,12.739830483967115,2.9893460505686615,2.7887187988526443,1.2639516858109106,0.12037635102961053,0.18056452654441582
2023-12-18,"Residential Building, Nicosia",27.129796823766444,17.227420983091694,4.0423397267412,3.7710417585035363,1.709177199897286,0.16277878094259868,0.24416817141389802
2023-12-19,"Residential Building, Nicosia",23.173872632378902,14.715409121560603,3.4529070222244562,3.2211682959006676,1.459953975839871,0.1390432357942734,0.20856485369141015
2023-12-20,"Residential Building, Nicosia",13.258688541628594,8.419267223934158,1.9755445927026605,1.8429577072863748,0.8352973781226014,0.07955213124977156,0.11932819687465736
2023-12-21,"Residential Building, Nicosia",11.411374948008596,7.246223091985459,1.7002948672532807,1.586181117773195,0.7189166217245416,0.06846824968805158,0.10270237453207738
2023-12-22,"Residential Building, Nicosia",22.84838556412631,14.508724833220207,3.4044094490548202,3.1759255934135573,1.4394482905399575,0.13709031338475786,0.2056354700771368
2023-12-23,"Residential Building, Nicosia",10.530226210832437,6.6866936438785975,1.5690037054140331,1.4637014433057087,0.6634042512824435,0.06318135726499462,0.09477203589749195
2023-12-24,"Residential Building, Nicosia",21.715511625469265,13.789349882172983,3.23561123219492,3.018456115940228,1.3680772324045638,0.1302930697528156,0.1954396046292234
2023-12-25,"Residential Building, Nicosia",28.80460482849915,18.290924066096963,4.2918861194463735,4.003840071161382,1.8146901041954466,0.1728276289709949,0.2592414434564924
2023-12-26,"Residential Building, Nicosia",21.50948355751758,13.658522059023664,3.204913050070119,2.9898182144949437,1.3550974641236075,0.12905690134510547,0.19358535201765825
2023-12-27,"Residential Building, Nicosia",17.763398524130437,11.279758062822827,2.646746380095435,2.469112394854131,1.1190941070202176,0.10658039114478263,0.15987058671717397
2023-12-28,"Residential Building, Nicosia",22.865764368847064,14.519760374217885,3.4069988909582123,3.178341247269742,1.440543155237365,0.1371945862130824,0.2057918793196236
2023-12-29,"Residential Building, Nicosia",19.165057809830333,12.169811709242262,2.8555936136647198,2.6639430355664167,1.207398642019311,0.114990346858982,0.17248552028847303
2023-12-30,"Residential Building, Nicosia",20.9123357863187,13.279333224312374,3.1159380321614862,2.9068146742982996,1.3174771545380781,0.1254740147179122,0.18821102207686832
2023-12-31,"Residential Building, Nicosia",28.8292961755305,18.30660307146187,4.295565130154045,4.00727216839874,1.8162456590584215,0.172975777053183,0.2594636655797745
